{
  "Ansi 5 Color" : {
    "Red Component" : 1,
    "Color Space" : "sRGB",
    "Blue Component" : 0.63137257099151611,
    "Alpha Component" : 1,
    "Green Component" : 0.30980393290519714
  },
  "Tags" : [

  ],
  "Ansi 12 Color" : {
    "Red Component" : 0.42352941632270813,
    "Color Space" : "sRGB",
    "Blue Component" : 0.96078431606292725,
    "Alpha Component" : 1,
    "Green Component" : 0.60784316062927246
  },
  "Horizontal Spacing" : 1,
  "Ansi 7 Color" : {
    "Red Component" : 0.75294119119644165,
    "Color Space" : "sRGB",
    "Blue Component" : 0.89803922176361084,
    "Alpha Component" : 1,
    "Green Component" : 0.78823530673980713
  },
  "Bold Color" : {
    "Red Component" : 0.83529412746429443,
    "Color Space" : "sRGB",
    "Blue Component" : 0.85098040103912354,
    "Alpha Component" : 1,
    "Green Component" : 0.80784314870834351
  },
  "Ansi 8 Color" : {
    "Red Component" : 0.18823529779911041,
    "Color Space" : "sRGB",
    "Blue Component" : 0.40000000596046448,
    "Alpha Component" : 1,
    "Green Component" : 0.29411765933036804
  },
  "Ansi 9 Color" : {
    "Red Component" : 0.98823529481887817,
    "Color Space" : "sRGB",
    "Blue Component" : 0.30196079611778259,
    "Alpha Component" : 1,
    "Green Component" : 0.39215686917304993
  },
  "Guid" : "38BE2EE3-EBA0-41E6-A9F8-98BF8C015580",
  "Rows" : 25,
  "Default Bookmark" : "No",
  "Allow Title Reporting" : true,
  "Cursor Guide Color" : {
    "Red Component" : 0.21568627655506134,
    "Color Space" : "sRGB",
    "Blue Component" : 0.23529411852359772,
    "Alpha Component" : 1,
    "Green Component" : 0.18431372940540314
  },
  "Non-ASCII Anti Aliased" : true,
  "Use Bright Bold" : true,
  "Show Mark Indicators" : false,
  "Ansi 10 Color" : {
    "Red Component" : 0.47843137383460999,
    "Color Space" : "sRGB",
    "Blue Component" : 0.88235294818878174,
    "Alpha Component" : 1,
    "Green Component" : 0.99215686321258545
  },
  "Ambiguous Double Width" : false,
  "Jobs to Ignore" : [
    "rlogin",
    "ssh",
    "slogin",
    "telnet"
  ],
  "Ansi 15 Color" : {
    "Red Component" : 1,
    "Color Space" : "sRGB",
    "Blue Component" : 1,
    "Alpha Component" : 1,
    "Green Component" : 1
  },
  "Foreground Color" : {
    "Red Component" : 0.75294119119644165,
    "Color Space" : "sRGB",
    "Blue Component" : 0.89803922176361084,
    "Alpha Component" : 1,
    "Green Component" : 0.78823530673980713
  },
  "Working Directory" : "\/Users\/bbrinkerhoff",
  "Blinking Cursor" : false,
  "Disable Window Resizing" : true,
  "Sync Title" : false,
  "Prompt Before Closing 2" : false,
  "BM Growl" : true,
  "Command" : "",
  "Description" : "Default",
  "Mouse Reporting" : true,
  "Screen" : -1,
  "Selection Color" : {
    "Red Component" : 0.18823529779911041,
    "Color Space" : "sRGB",
    "Blue Component" : 0.40000000596046448,
    "Alpha Component" : 1,
    "Green Component" : 0.29411765933036804
  },
  "Columns" : 80,
  "Idle Code" : 0,
  "Ansi 13 Color" : {
    "Red Component" : 1,
    "Color Space" : "sRGB",
    "Blue Component" : 0.63137257099151611,
    "Alpha Component" : 1,
    "Green Component" : 0.30980393290519714
  },
  "Custom Command" : "No",
  "ASCII Anti Aliased" : true,
  "Non Ascii Font" : "Monaco 12",
  "Vertical Spacing" : 1,
  "Use Bold Font" : true,
  "Option Key Sends" : 0,
  "Selected Text Color" : {
    "Red Component" : 1,
    "Color Space" : "sRGB",
    "Blue Component" : 1,
    "Alpha Component" : 1,
    "Green Component" : 1
  },
  "Background Color" : {
    "Red Component" : 0.066666670143604251,
    "Color Space" : "sRGB",
    "Blue Component" : 0.16470588743686676,
    "Alpha Component" : 1,
    "Green Component" : 0.11764705926179886
  },
  "Character Encoding" : 4,
  "Ansi 11 Color" : {
    "Red Component" : 1,
    "Color Space" : "sRGB",
    "Blue Component" : 0.60784316062927246,
    "Alpha Component" : 1,
    "Green Component" : 0.94117647409439087
  },
  "Use Italic Font" : true,
  "Unlimited Scrollback" : false,
  "Keyboard Map" : {
    "0xf703-0x280000" : {
      "Action" : 10,
      "Text" : "f"
    },
    "0xf701-0x2c0000-0x7d" : {
      "Version" : 1,
      "Label" : "",
      "Text" : "0xd 0x7e 0x2e 0x1 0xb",
      "Action" : 11
    },
    "0x58-0x120000-0x7" : {
      "Version" : 1,
      "Action" : 11,
      "Text" : "0xb",
      "Label" : ""
    },
    "0x43-0x120000-0x8" : {
      "Version" : 1,
      "Action" : 11,
      "Text" : "0xb 0x19 0x18 0x18",
      "Label" : ""
    },
    "0x7f-0x80000" : {
      "Action" : 11,
      "Text" : "0x1b 0x7f"
    },
    "0xf728-0x80000" : {
      "Action" : 10,
      "Text" : "d"
    },
    "0xf728-0x0" : {
      "Action" : 11,
      "Text" : "0x4"
    },
    "0xf702-0x280000" : {
      "Action" : 10,
      "Text" : "b"
    },
    "0xf728-0x100000-0x75" : {
      "Version" : 1,
      "Label" : "",
      "Text" : "0xb",
      "Action" : 11
    },
    "0x56-0x120000-0x9" : {
      "Version" : 1,
      "Action" : 11,
      "Text" : "0x19",
      "Label" : ""
    },
    "0xf703-0x320000-0x7c" : {
      "Version" : 1,
      "Label" : "",
      "Text" : "0x5",
      "Action" : 11
    },
    "0xf702-0x320000-0x7b" : {
      "Version" : 1,
      "Label" : "",
      "Text" : "0x1",
      "Action" : 11
    },
    "0x46-0x120000-0x3" : {
      "Version" : 1,
      "Action" : 11,
      "Text" : "0x18 0x18",
      "Label" : ""
    },
    "0x5a-0x120000-0x6" : {
      "Version" : 1,
      "Action" : 11,
      "Text" : "0x1f",
      "Label" : ""
    },
    "0x7f-0x100000" : {
      "Action" : 11,
      "Text" : "0x15"
    }
  },
  "Window Type" : 0,
  "Blink Allowed" : false,
  "Cursor Type" : 2,
  "Background Image Location" : "",
  "Blur" : false,
  "Badge Color" : {
    "Red Component" : 0.086274512112140656,
    "Color Space" : "sRGB",
    "Blue Component" : 0.21176470816135406,
    "Alpha Component" : 1,
    "Green Component" : 0.15294118225574493
  },
  "Scrollback Lines" : 10000,
  "Send Code When Idle" : false,
  "Close Sessions On End" : true,
  "Terminal Type" : "xterm-256color",
  "Visual Bell" : true,
  "Flashing Bell" : false,
  "Silence Bell" : false,
  "Ansi 14 Color" : {
    "Red Component" : 0.39215686917304993,
    "Color Space" : "sRGB",
    "Blue Component" : 1,
    "Alpha Component" : 1,
    "Green Component" : 0.87843137979507446
  },
  "Name" : "Customized",
  "Cursor Text Color" : {
    "Red Component" : 0.066666670143604251,
    "Color Space" : "sRGB",
    "Blue Component" : 0.16470588743686676,
    "Alpha Component" : 1,
    "Green Component" : 0.11764705926179886
  },
  "Shortcut" : "",
  "Cursor Color" : {
    "Red Component" : 1,
    "Color Space" : "sRGB",
    "Blue Component" : 1,
    "Alpha Component" : 1,
    "Green Component" : 1
  },
  "Ansi 0 Color" : {
    "Red Component" : 0,
    "Color Space" : "sRGB",
    "Blue Component" : 0,
    "Alpha Component" : 1,
    "Green Component" : 0
  },
  "Ansi 1 Color" : {
    "Red Component" : 0.98823529481887817,
    "Color Space" : "sRGB",
    "Blue Component" : 0.30196079611778259,
    "Alpha Component" : 1,
    "Green Component" : 0.39215686917304993
  },
  "Ansi 2 Color" : {
    "Red Component" : 0.47843137383460999,
    "Color Space" : "sRGB",
    "Blue Component" : 0.88235294818878174,
    "Alpha Component" : 1,
    "Green Component" : 0.99215686321258545
  },
  "Link Color" : {
    "Red Component" : 0.42352941632270813,
    "Color Space" : "sRGB",
    "Blue Component" : 0.96078431606292725,
    "Alpha Component" : 1,
    "Green Component" : 0.60784316062927246
  },
  "Transparency" : 0,
  "Right Option Key Sends" : 0,
  "Use Non-ASCII Font" : false,
  "Ansi 6 Color" : {
    "Red Component" : 0.39215686917304993,
    "Color Space" : "sRGB",
    "Blue Component" : 1,
    "Alpha Component" : 1,
    "Green Component" : 0.87843137979507446
  },
  "Normal Font" : "AndaleMono 16",
  "Custom Directory" : "No",
  "Ansi 3 Color" : {
    "Red Component" : 1,
    "Color Space" : "sRGB",